"gRNA","GC_content"
"GGTGGATTTGATGGTGTAGAATATTTAA",32.1428571428571
"GTGGATTTGATGGTGTAGAATATTTAAA",28.5714285714286
"TGGATTTGATGGTGTAGAATATTTAAAT",25
"GGATTTGATGGTGTAGAATATTTAAATT",25
"GATTTGATGGTGTAGAATATTTAAATTC",25
"ATTTGATGGTGTAGAATATTTAAATTCG",25
"TTTGATGGTGTAGAATATTTAAATTCGA",25
"TTGATGGTGTAGAATATTTAAATTCGAT",25
"TGATGGTGTAGAATATTTAAATTCGATG",28.5714285714286
"GATGGTGTAGAATATTTAAATTCGATGG",32.1428571428571
"ATGGTGTAGAATATTTAAATTCGATGGA",28.5714285714286
"TGGTGTAGAATATTTAAATTCGATGGAA",28.5714285714286
"GGTGTAGAATATTTAAATTCGATGGAAT",28.5714285714286
"GTGTAGAATATTTAAATTCGATGGAATT",25
"AATTCGATGGAATTATTAGATATTAGTC",25
"ATTCGATGGAATTATTAGATATTAGTCA",25
"TTCGATGGAATTATTAGATATTAGTCAA",25
"TCGATGGAATTATTAGATATTAGTCAAC",28.5714285714286
"CGATGGAATTATTAGATATTAGTCAACA",28.5714285714286
"GATGGAATTATTAGATATTAGTCAACAA",25
"TGGAATTATTAGATATTAGTCAACAATG",25
"GGAATTATTAGATATTAGTCAACAATGC",28.5714285714286
"GAATTATTAGATATTAGTCAACAATGCT",25
"AATTATTAGATATTAGTCAACAATGCTG",25
"ATTATTAGATATTAGTCAACAATGCTGG",28.5714285714286
